stem,cam,frame,fold
CCTV01^20260318-110000-20260318-120000_000062,CCTV01,62,0
CCTV01^20260318-110000-20260318-120000_000063,CCTV01,63,1
CCTV01^20260318-110000-20260318-120000_000064,CCTV01,64,2
CCTV01^20260318-110000-20260318-120000_000066,CCTV01,66,0
CCTV01^20260318-110000-20260318-120000_000067,CCTV01,67,1
CCTV01^20260318-110000-20260318-120000_000068,CCTV01,68,2
CCTV01^20260318-110000-20260318-120000_000070,CCTV01,70,0
CCTV01^20260318-110000-20260318-120000_000071,CCTV01,71,1
CCTV01^20260318-110000-20260318-120000_000072,CCTV01,72,2
CCTV01^20260318-110000-20260318-120000_000074,CCTV01,74,0
CCTV01^20260318-110000-20260318-120000_000075,CCTV01,75,1
CCTV01^20260318-110000-20260318-120000_000076,CCTV01,76,2
CCTV01^20260318-110000-20260318-120000_000078,CCTV01,78,0
CCTV01^20260318-110000-20260318-120000_000079,CCTV01,79,1
CCTV01^20260318-110000-20260318-120000_000080,CCTV01,80,2
CCTV01^20260318-110000-20260318-120000_000082,CCTV01,82,0
CCTV01^20260318-110000-20260318-120000_000083,CCTV01,83,1
CCTV01^20260318-110000-20260318-120000_000084,CCTV01,84,2
CCTV01^20260318-110000-20260318-120000_000086,CCTV01,86,0
CCTV01^20260318-110000-20260318-120000_000087,CCTV01,87,1
CCTV01^20260318-110000-20260318-120000_000088,CCTV01,88,2
CCTV01^20260318-110000-20260318-120000_000090,CCTV01,90,0
CCTV01^20260318-110000-20260318-120000_000124,CCTV01,124,1
CCTV01^20260318-110000-20260318-120000_000125,CCTV01,125,2
CCTV01^20260318-110000-20260318-120000_000127,CCTV01,127,0
CCTV01^20260318-110000-20260318-120000_000128,CCTV01,128,1
CCTV01^20260318-110000-20260318-120000_000129,CCTV01,129,2
CCTV01^20260318-110000-20260318-120000_000131,CCTV01,131,0
CCTV01^20260318-110000-20260318-120000_000132,CCTV01,132,1
CCTV01^20260318-110000-20260318-120000_000133,CCTV01,133,2
CCTV01^20260318-110000-20260318-120000_000135,CCTV01,135,0
CCTV01^20260318-110000-20260318-120000_000136,CCTV01,136,1
CCTV01^20260318-110000-20260318-120000_000137,CCTV01,137,2
CCTV01^20260318-110000-20260318-120000_000139,CCTV01,139,0
CCTV01^20260318-110000-20260318-120000_000140,CCTV01,140,1
CCTV01^20260318-110000-20260318-120000_000141,CCTV01,141,2
CCTV01^20260318-110000-20260318-120000_000143,CCTV01,143,0
CCTV01^20260318-110000-20260318-120000_000144,CCTV01,144,1
CCTV01^20260318-110000-20260318-120000_000145,CCTV01,145,2
CCTV01^20260318-110000-20260318-120000_000147,CCTV01,147,0
CCTV01^20260318-110000-20260318-120000_000148,CCTV01,148,1
CCTV01^20260318-110000-20260318-120000_000149,CCTV01,149,2
CCTV01^20260318-110000-20260318-120000_000151,CCTV01,151,0
CCTV01^20260318-110000-20260318-120000_000152,CCTV01,152,1
CCTV01^20260318-110000-20260318-120000_000153,CCTV01,153,2
CCTV01^20260318-110000-20260318-120000_000155,CCTV01,155,0
CCTV01^20260318-110000-20260318-120000_000156,CCTV01,156,1
CCTV01^20260318-110000-20260318-120000_000157,CCTV01,157,2
CCTV01^20260318-110000-20260318-120000_000159,CCTV01,159,0
CCTV01^20260318-110000-20260318-120000_000160,CCTV01,160,1
CCTV01^20260318-110000-20260318-120000_000161,CCTV01,161,2
CCTV01^20260318-110000-20260318-120000_000163,CCTV01,163,0
CCTV01^20260318-110000-20260318-120000_000164,CCTV01,164,1
CCTV01^20260318-110000-20260318-120000_000165,CCTV01,165,2
CCTV01^20260318-110000-20260318-120000_000167,CCTV01,167,0
CCTV01^20260318-110000-20260318-120000_000168,CCTV01,168,1
CCTV01^20260318-110000-20260318-120000_000169,CCTV01,169,2
CCTV01^20260318-110000-20260318-120000_000171,CCTV01,171,0
CCTV01^20260318-110000-20260318-120000_000172,CCTV01,172,1
CCTV01^20260318-110000-20260318-120000_000173,CCTV01,173,2
CCTV01^20260318-110000-20260318-120000_000175,CCTV01,175,0
CCTV01^20260318-110000-20260318-120000_000176,CCTV01,176,1
CCTV01^20260318-110000-20260318-120000_000177,CCTV01,177,2
CCTV01^20260318-110000-20260318-120000_000179,CCTV01,179,0
CCTV01^20260318-110000-20260318-120000_000180,CCTV01,180,1
CCTV01^20260318-110000-20260318-120000_000181,CCTV01,181,2
CCTV01^20260318-110000-20260318-120000_000183,CCTV01,183,0
CCTV01^20260318-110000-20260318-120000_000184,CCTV01,184,1
CCTV01^20260318-110000-20260318-120000_000185,CCTV01,185,2
CCTV01^20260318-110000-20260318-120000_000187,CCTV01,187,0
CCTV01^20260318-110000-20260318-120000_000188,CCTV01,188,1
CCTV01^20260318-110000-20260318-120000_000189,CCTV01,189,2
CCTV01^20260318-110000-20260318-120000_000191,CCTV01,191,0
CCTV01^20260318-110000-20260318-120000_000192,CCTV01,192,1
CCTV01^20260318-110000-20260318-120000_000193,CCTV01,193,2
CCTV01^20260318-110000-20260318-120000_000195,CCTV01,195,0
CCTV01^20260318-110000-20260318-120000_000196,CCTV01,196,1
CCTV01^20260318-110000-20260318-120000_000197,CCTV01,197,2
CCTV01^20260318-110000-20260318-120000_000199,CCTV01,199,0
CCTV01^20260318-110000-20260318-120000_000200,CCTV01,200,1
CCTV01^20260318-110000-20260318-120000_000201,CCTV01,201,2
CCTV01^20260318-110000-20260318-120000_000203,CCTV01,203,0
CCTV01^20260318-110000-20260318-120000_000204,CCTV01,204,1
CCTV01^20260318-110000-20260318-120000_000205,CCTV01,205,2
CCTV01^20260318-110000-20260318-120000_000207,CCTV01,207,0
CCTV01^20260318-110000-20260318-120000_000208,CCTV01,208,1
CCTV01^20260318-110000-20260318-120000_000209,CCTV01,209,2
CCTV01^20260318-110000-20260318-120000_000211,CCTV01,211,0
CCTV01^20260318-110000-20260318-120000_000212,CCTV01,212,1
CCTV01^20260318-110000-20260318-120000_000213,CCTV01,213,2
CCTV01^20260318-110000-20260318-120000_000215,CCTV01,215,0
CCTV01^20260318-110000-20260318-120000_000216,CCTV01,216,1
CCTV01^20260318-110000-20260318-120000_000217,CCTV01,217,2
CCTV01^20260318-110000-20260318-120000_000219,CCTV01,219,0
CCTV01^20260318-110000-20260318-120000_000220,CCTV01,220,1
CCTV01^20260318-110000-20260318-120000_000221,CCTV01,221,2
CCTV01^20260318-110000-20260318-120000_000223,CCTV01,223,0
CCTV01^20260318-110000-20260318-120000_000224,CCTV01,224,1
CCTV01^20260318-110000-20260318-120000_000225,CCTV01,225,2
CCTV01^20260318-110000-20260318-120000_000227,CCTV01,227,0
CCTV01^20260318-110000-20260318-120000_000228,CCTV01,228,1
CCTV01^20260318-110000-20260318-120000_000229,CCTV01,229,2
CCTV01^20260318-110000-20260318-120000_000231,CCTV01,231,0
CCTV01^20260318-110000-20260318-120000_000232,CCTV01,232,1
CCTV01^20260318-110000-20260318-120000_000233,CCTV01,233,2
CCTV01^20260318-110000-20260318-120000_000235,CCTV01,235,0
CCTV01^20260318-110000-20260318-120000_000236,CCTV01,236,1
CCTV01^20260318-110000-20260318-120000_000237,CCTV01,237,2
CCTV01^20260318-110000-20260318-120000_000239,CCTV01,239,0
CCTV01^20260318-110000-20260318-120000_000240,CCTV01,240,1
CCTV01^20260318-110000-20260318-120000_000241,CCTV01,241,2
CCTV01^20260318-110000-20260318-120000_000243,CCTV01,243,0
CCTV01^20260318-110000-20260318-120000_000244,CCTV01,244,1
CCTV01^20260318-110000-20260318-120000_000245,CCTV01,245,2
CCTV01^20260318-110000-20260318-120000_000247,CCTV01,247,0
CCTV01^20260318-110000-20260318-120000_000248,CCTV01,248,1
CCTV01^20260318-110000-20260318-120000_000249,CCTV01,249,2
CCTV01^20260318-110000-20260318-120000_000251,CCTV01,251,0
CCTV01^20260318-110000-20260318-120000_000252,CCTV01,252,1
CCTV01^20260318-110000-20260318-120000_000253,CCTV01,253,2
CCTV01^20260318-110000-20260318-120000_000254,CCTV01,254,0
CCTV01^20260318-110000-20260318-120000_000256,CCTV01,256,1
CCTV01^20260318-110000-20260318-120000_000257,CCTV01,257,2
CCTV01^20260318-110000-20260318-120000_000258,CCTV01,258,0
CCTV01^20260318-110000-20260318-120000_000260,CCTV01,260,1
CCTV01^20260318-110000-20260318-120000_000261,CCTV01,261,2
CCTV01^20260318-110000-20260318-120000_000262,CCTV01,262,0
CCTV01^20260318-110000-20260318-120000_000264,CCTV01,264,1
CCTV01^20260318-110000-20260318-120000_000265,CCTV01,265,2
CCTV01^20260318-110000-20260318-120000_000266,CCTV01,266,0
CCTV01^20260318-110000-20260318-120000_000268,CCTV01,268,1
CCTV01^20260318-110000-20260318-120000_000269,CCTV01,269,2
CCTV01^20260318-110000-20260318-120000_000270,CCTV01,270,0
CCTV01^20260318-110000-20260318-120000_000272,CCTV01,272,1
CCTV01^20260318-110000-20260318-120000_000273,CCTV01,273,2
CCTV01^20260318-110000-20260318-120000_000274,CCTV01,274,0
CCTV01^20260318-110000-20260318-120000_000276,CCTV01,276,1
CCTV01^20260318-110000-20260318-120000_000277,CCTV01,277,2
CCTV01^20260318-110000-20260318-120000_000278,CCTV01,278,0
CCTV01^20260318-110000-20260318-120000_000280,CCTV01,280,1
CCTV01^20260318-110000-20260318-120000_000281,CCTV01,281,2
CCTV01^20260318-110000-20260318-120000_000282,CCTV01,282,0
CCTV01^20260318-110000-20260318-120000_000284,CCTV01,284,1
CCTV01^20260318-110000-20260318-120000_000285,CCTV01,285,2
CCTV01^20260318-110000-20260318-120000_000286,CCTV01,286,0
CCTV01^20260318-110000-20260318-120000_000288,CCTV01,288,1
CCTV01^20260318-110000-20260318-120000_000289,CCTV01,289,2
CCTV01^20260318-110000-20260318-120000_000290,CCTV01,290,0
CCTV01^20260318-110000-20260318-120000_000292,CCTV01,292,1
CCTV01^20260318-110000-20260318-120000_000293,CCTV01,293,2
CCTV01^20260318-110000-20260318-120000_000294,CCTV01,294,0
CCTV01^20260318-110000-20260318-120000_000296,CCTV01,296,1
CCTV01^20260318-110000-20260318-120000_000297,CCTV01,297,2
CCTV01^20260318-110000-20260318-120000_000298,CCTV01,298,0
CCTV01^20260318-110000-20260318-120000_000300,CCTV01,300,1
CCTV01^20260318-110000-20260318-120000_000301,CCTV01,301,2
CCTV01^20260318-110000-20260318-120000_000302,CCTV01,302,0
CCTV01^20260318-110000-20260318-120000_000304,CCTV01,304,1
CCTV01^20260318-110000-20260318-120000_000305,CCTV01,305,2
CCTV01^20260318-110000-20260318-120000_000306,CCTV01,306,0
CCTV01^20260318-110000-20260318-120000_000308,CCTV01,308,1
CCTV01^20260318-110000-20260318-120000_000309,CCTV01,309,2
CCTV01^20260318-110000-20260318-120000_000310,CCTV01,310,0
CCTV01^20260318-110000-20260318-120000_000312,CCTV01,312,1
CCTV01^20260318-110000-20260318-120000_000313,CCTV01,313,2
CCTV01^20260318-110000-20260318-120000_000314,CCTV01,314,0
CCTV01^20260318-110000-20260318-120000_000316,CCTV01,316,1
CCTV01^20260318-110000-20260318-120000_000317,CCTV01,317,2
CCTV01^20260318-110000-20260318-120000_000318,CCTV01,318,0
CCTV01^20260318-110000-20260318-120000_000320,CCTV01,320,1
CCTV01^20260318-110000-20260318-120000_000321,CCTV01,321,2
CCTV01^20260318-110000-20260318-120000_000322,CCTV01,322,0
CCTV01^20260318-110000-20260318-120000_000324,CCTV01,324,1
CCTV01^20260318-110000-20260318-120000_000325,CCTV01,325,2
CCTV01^20260318-110000-20260318-120000_000326,CCTV01,326,0
CCTV01^20260318-110000-20260318-120000_000328,CCTV01,328,1
CCTV01^20260318-110000-20260318-120000_000329,CCTV01,329,2
CCTV01^20260318-110000-20260318-120000_000330,CCTV01,330,0
CCTV01^20260318-110000-20260318-120000_000332,CCTV01,332,1
CCTV01^20260318-110000-20260318-120000_000333,CCTV01,333,2
CCTV01^20260318-110000-20260318-120000_000334,CCTV01,334,0
CCTV01^20260318-110000-20260318-120000_000336,CCTV01,336,1
CCTV01^20260318-110000-20260318-120000_000337,CCTV01,337,2
CCTV01^20260318-110000-20260318-120000_000338,CCTV01,338,0
CCTV01^20260318-110000-20260318-120000_000340,CCTV01,340,1
CCTV01^20260318-110000-20260318-120000_000341,CCTV01,341,2
CCTV01^20260318-110000-20260318-120000_000342,CCTV01,342,0
CCTV01^20260318-110000-20260318-120000_000344,CCTV01,344,1
CCTV01^20260318-110000-20260318-120000_000345,CCTV01,345,2
CCTV01^20260318-110000-20260318-120000_000346,CCTV01,346,0
CCTV01^20260318-110000-20260318-120000_000348,CCTV01,348,1
CCTV01^20260318-110000-20260318-120000_000349,CCTV01,349,2
CCTV01^20260318-110000-20260318-120000_000350,CCTV01,350,0
CCTV01^20260318-110000-20260318-120000_000352,CCTV01,352,1
CCTV01^20260318-110000-20260318-120000_000353,CCTV01,353,2
CCTV01^20260318-110000-20260318-120000_000354,CCTV01,354,0
CCTV01^20260318-110000-20260318-120000_000356,CCTV01,356,1
CCTV01^20260318-110000-20260318-120000_000357,CCTV01,357,2
CCTV01^20260318-110000-20260318-120000_000358,CCTV01,358,0
CCTV01^20260318-110000-20260318-120000_000360,CCTV01,360,1
CCTV01^20260318-110000-20260318-120000_000361,CCTV01,361,2
CCTV01^20260318-110000-20260318-120000_000362,CCTV01,362,0
CCTV01^20260318-110000-20260318-120000_000364,CCTV01,364,1
CCTV01^20260318-110000-20260318-120000_000365,CCTV01,365,2
CCTV01^20260318-110000-20260318-120000_000366,CCTV01,366,0
CCTV01^20260318-110000-20260318-120000_000368,CCTV01,368,1
CCTV01^20260318-110000-20260318-120000_000369,CCTV01,369,2
CCTV01^20260318-110000-20260318-120000_000370,CCTV01,370,0
CCTV01^20260318-110000-20260318-120000_000372,CCTV01,372,1
CCTV01^20260318-110000-20260318-120000_000373,CCTV01,373,2
CCTV01^20260318-110000-20260318-120000_000374,CCTV01,374,0
CCTV01^20260318-110000-20260318-120000_000376,CCTV01,376,1
CCTV01^20260318-110000-20260318-120000_000377,CCTV01,377,2
CCTV01^20260318-110000-20260318-120000_000378,CCTV01,378,0
CCTV01^20260318-110000-20260318-120000_000380,CCTV01,380,1
CCTV01^20260318-110000-20260318-120000_000381,CCTV01,381,2
CCTV01^20260318-110000-20260318-120000_000382,CCTV01,382,0
CCTV01^20260318-110000-20260318-120000_000384,CCTV01,384,1
CCTV01^20260318-110000-20260318-120000_000385,CCTV01,385,2
CCTV01^20260318-110000-20260318-120000_000386,CCTV01,386,0
CCTV01^20260318-110000-20260318-120000_000388,CCTV01,388,1
CCTV01^20260318-110000-20260318-120000_000389,CCTV01,389,2
CCTV01^20260318-110000-20260318-120000_000390,CCTV01,390,0
CCTV01^20260318-110000-20260318-120000_000392,CCTV01,392,1
CCTV01^20260318-110000-20260318-120000_000393,CCTV01,393,2
CCTV01^20260318-110000-20260318-120000_000394,CCTV01,394,0
CCTV01^20260318-110000-20260318-120000_000396,CCTV01,396,1
CCTV01^20260318-110000-20260318-120000_000397,CCTV01,397,2
CCTV01^20260318-110000-20260318-120000_000398,CCTV01,398,0
CCTV01^20260318-110000-20260318-120000_000400,CCTV01,400,1
CCTV01^20260318-110000-20260318-120000_000401,CCTV01,401,2
CCTV01^20260318-110000-20260318-120000_000402,CCTV01,402,0
CCTV01^20260318-110000-20260318-120000_000404,CCTV01,404,1
CCTV01^20260318-110000-20260318-120000_000405,CCTV01,405,2
CCTV01^20260318-110000-20260318-120000_000406,CCTV01,406,0
CCTV01^20260318-110000-20260318-120000_000408,CCTV01,408,1
CCTV01^20260318-110000-20260318-120000_000409,CCTV01,409,2
CCTV01^20260318-110000-20260318-120000_000410,CCTV01,410,0
CCTV01^20260318-110000-20260318-120000_000411,CCTV01,411,1
CCTV01^20260318-110000-20260318-120000_000413,CCTV01,413,2
CCTV01^20260318-110000-20260318-120000_000414,CCTV01,414,0
CCTV01^20260318-110000-20260318-120000_000415,CCTV01,415,1
CCTV01^20260318-110000-20260318-120000_000417,CCTV01,417,2
CCTV01^20260318-110000-20260318-120000_000418,CCTV01,418,0
CCTV01^20260318-110000-20260318-120000_000419,CCTV01,419,1
CCTV01^20260318-110000-20260318-120000_000421,CCTV01,421,2
CCTV01^20260318-110000-20260318-120000_000422,CCTV01,422,0
CCTV01^20260318-110000-20260318-120000_000423,CCTV01,423,1
CCTV01^20260318-110000-20260318-120000_000425,CCTV01,425,2
CCTV01^20260318-110000-20260318-120000_000426,CCTV01,426,0
CCTV01^20260318-110000-20260318-120000_000427,CCTV01,427,1
CCTV01^20260318-110000-20260318-120000_000429,CCTV01,429,2
CCTV01^20260318-110000-20260318-120000_000430,CCTV01,430,0
CCTV01^20260318-110000-20260318-120000_000431,CCTV01,431,1
CCTV01^20260318-110000-20260318-120000_000433,CCTV01,433,2
CCTV01^20260318-110000-20260318-120000_000434,CCTV01,434,0
CCTV01^20260318-110000-20260318-120000_000606,CCTV01,606,1
CCTV01^20260318-110000-20260318-120000_000607,CCTV01,607,2
CCTV01^20260318-110000-20260318-120000_000608,CCTV01,608,0
CCTV01^20260318-110000-20260318-120000_000610,CCTV01,610,1
CCTV01^20260318-110000-20260318-120000_000611,CCTV01,611,2
CCTV01^20260318-110000-20260318-120000_000612,CCTV01,612,0
CCTV01^20260318-110000-20260318-120000_000614,CCTV01,614,1
CCTV01^20260318-110000-20260318-120000_000615,CCTV01,615,2
CCTV01^20260318-110000-20260318-120000_000616,CCTV01,616,0
CCTV01^20260318-110000-20260318-120000_000618,CCTV01,618,1
CCTV01^20260318-110000-20260318-120000_000619,CCTV01,619,2
CCTV01^20260318-110000-20260318-120000_000620,CCTV01,620,0
CCTV01^20260318-110000-20260318-120000_000622,CCTV01,622,1
CCTV01^20260318-110000-20260318-120000_000623,CCTV01,623,2
CCTV01^20260318-110000-20260318-120000_000624,CCTV01,624,0
CCTV01^20260318-110000-20260318-120000_000626,CCTV01,626,1
CCTV01^20260318-110000-20260318-120000_000627,CCTV01,627,2
CCTV01^20260318-110000-20260318-120000_000628,CCTV01,628,0
CCTV01^20260318-110000-20260318-120000_000630,CCTV01,630,1
CCTV01^20260318-110000-20260318-120000_000631,CCTV01,631,2
CCTV01^20260318-110000-20260318-120000_000632,CCTV01,632,0
CCTV01^20260318-110000-20260318-120000_000634,CCTV01,634,1
CCTV01^20260318-110000-20260318-120000_000635,CCTV01,635,2
CCTV01^20260318-110000-20260318-120000_000636,CCTV01,636,0
CCTV01^20260318-110000-20260318-120000_000638,CCTV01,638,1
CCTV01^20260318-110000-20260318-120000_000639,CCTV01,639,2
CCTV01^20260318-110000-20260318-120000_000640,CCTV01,640,0
CCTV01^20260318-110000-20260318-120000_000642,CCTV01,642,1
CCTV01^20260318-110000-20260318-120000_000643,CCTV01,643,2
CCTV01^20260318-110000-20260318-120000_000644,CCTV01,644,0
CCTV01^20260318-110000-20260318-120000_000646,CCTV01,646,1
CCTV01^20260318-110000-20260318-120000_000647,CCTV01,647,2
CCTV01^20260318-110000-20260318-120000_000648,CCTV01,648,0
CCTV01^20260318-110000-20260318-120000_000650,CCTV01,650,1
CCTV01^20260318-110000-20260318-120000_000651,CCTV01,651,2
CCTV01^20260318-110000-20260318-120000_000652,CCTV01,652,0
CCTV01^20260318-110000-20260318-120000_000653,CCTV01,653,1
CCTV01^20260318-110000-20260318-120000_000655,CCTV01,655,2
CCTV01^20260318-110000-20260318-120000_000656,CCTV01,656,0
CCTV01^20260318-110000-20260318-120000_000657,CCTV01,657,1
CCTV01^20260318-110000-20260318-120000_000659,CCTV01,659,2
CCTV01^20260318-110000-20260318-120000_000660,CCTV01,660,0
CCTV01^20260318-110000-20260318-120000_000661,CCTV01,661,1
CCTV01^20260318-110000-20260318-120000_000663,CCTV01,663,2
CCTV01^20260318-110000-20260318-120000_000664,CCTV01,664,0
CCTV01^20260318-110000-20260318-120000_000665,CCTV01,665,1
CCTV01^20260318-110000-20260318-120000_000667,CCTV01,667,2
CCTV01^20260318-110000-20260318-120000_000668,CCTV01,668,0
CCTV01^20260318-110000-20260318-120000_000669,CCTV01,669,1
CCTV01^20260318-110000-20260318-120000_000671,CCTV01,671,2
CCTV01^20260318-110000-20260318-120000_000672,CCTV01,672,0
CCTV01^20260318-110000-20260318-120000_000673,CCTV01,673,1
CCTV01^20260318-110000-20260318-120000_000675,CCTV01,675,2
CCTV01^20260318-110000-20260318-120000_000676,CCTV01,676,0
CCTV01^20260318-110000-20260318-120000_000724,CCTV01,724,1
CCTV01^20260318-110000-20260318-120000_000726,CCTV01,726,2
CCTV01^20260318-110000-20260318-120000_000727,CCTV01,727,0
CCTV01^20260318-110000-20260318-120000_000728,CCTV01,728,1
CCTV01^20260318-110000-20260318-120000_000730,CCTV01,730,2
CCTV01^20260318-110000-20260318-120000_000731,CCTV01,731,0
CCTV01^20260318-110000-20260318-120000_000732,CCTV01,732,1
CCTV01^20260318-110000-20260318-120000_000734,CCTV01,734,2
CCTV01^20260318-110000-20260318-120000_000735,CCTV01,735,0
CCTV01^20260318-110000-20260318-120000_000736,CCTV01,736,1
CCTV01^20260318-110000-20260318-120000_000738,CCTV01,738,2
CCTV01^20260318-110000-20260318-120000_000739,CCTV01,739,0
CCTV01^20260318-110000-20260318-120000_000740,CCTV01,740,1
CCTV01^20260318-110000-20260318-120000_000742,CCTV01,742,2
CCTV01^20260318-110000-20260318-120000_000743,CCTV01,743,0
CCTV01^20260318-110000-20260318-120000_000744,CCTV01,744,1
CCTV01^20260318-110000-20260318-120000_000746,CCTV01,746,2
CCTV01^20260318-110000-20260318-120000_000747,CCTV01,747,0
CCTV01^20260318-110000-20260318-120000_000748,CCTV01,748,1
CCTV01^20260318-110000-20260318-120000_000750,CCTV01,750,2
CCTV01^20260318-110000-20260318-120000_000751,CCTV01,751,0
CCTV01^20260318-110000-20260318-120000_000752,CCTV01,752,1
CCTV01^20260318-110000-20260318-120000_000754,CCTV01,754,2
CCTV01^20260318-110000-20260318-120000_000755,CCTV01,755,0
CCTV01^20260318-110000-20260318-120000_000756,CCTV01,756,1
CCTV01^20260318-110000-20260318-120000_000758,CCTV01,758,2
CCTV01^20260318-110000-20260318-120000_000759,CCTV01,759,0
CCTV01^20260318-110000-20260318-120000_000760,CCTV01,760,1
CCTV01^20260318-110000-20260318-120000_000762,CCTV01,762,2
CCTV01^20260318-110000-20260318-120000_000763,CCTV01,763,0
CCTV01^20260318-110000-20260318-120000_000764,CCTV01,764,1
CCTV01^20260318-110000-20260318-120000_000766,CCTV01,766,2
CCTV01^20260318-110000-20260318-120000_000767,CCTV01,767,0
CCTV01^20260318-110000-20260318-120000_000768,CCTV01,768,1
CCTV01^20260318-110000-20260318-120000_000770,CCTV01,770,2
CCTV01^20260318-110000-20260318-120000_000771,CCTV01,771,0
CCTV01^20260318-110000-20260318-120000_000772,CCTV01,772,1
CCTV01^20260318-110000-20260318-120000_000774,CCTV01,774,2
CCTV01^20260318-110000-20260318-120000_000775,CCTV01,775,0
CCTV01^20260318-110000-20260318-120000_000776,CCTV01,776,1
CCTV01^20260318-110000-20260318-120000_000778,CCTV01,778,2
CCTV01^20260318-110000-20260318-120000_000779,CCTV01,779,0
CCTV01^20260318-110000-20260318-120000_000780,CCTV01,780,1
CCTV01^20260318-110000-20260318-120000_000782,CCTV01,782,2
CCTV01^20260318-110000-20260318-120000_000783,CCTV01,783,0
CCTV01^20260318-110000-20260318-120000_000784,CCTV01,784,1
CCTV01^20260318-110000-20260318-120000_000786,CCTV01,786,2
CCTV01^20260318-110000-20260318-120000_000787,CCTV01,787,0
CCTV01^20260318-110000-20260318-120000_000788,CCTV01,788,1
CCTV01^20260318-110000-20260318-120000_000790,CCTV01,790,2
CCTV01^20260318-110000-20260318-120000_000791,CCTV01,791,0
CCTV01^20260318-110000-20260318-120000_000792,CCTV01,792,1
CCTV01^20260318-110000-20260318-120000_000794,CCTV01,794,2
CCTV01^20260318-110000-20260318-120000_000795,CCTV01,795,0
CCTV01^20260318-110000-20260318-120000_000796,CCTV01,796,1
CCTV01^20260318-110000-20260318-120000_000798,CCTV01,798,2
CCTV01^20260318-110000-20260318-120000_000799,CCTV01,799,0
CCTV01^20260318-110000-20260318-120000_000800,CCTV01,800,1
CCTV01^20260318-110000-20260318-120000_000802,CCTV01,802,2
CCTV01^20260318-110000-20260318-120000_000803,CCTV01,803,0
CCTV01^20260318-110000-20260318-120000_000804,CCTV01,804,1
CCTV01^20260318-110000-20260318-120000_000806,CCTV01,806,2
CCTV01^20260318-110000-20260318-120000_000807,CCTV01,807,0
CCTV01^20260318-110000-20260318-120000_000808,CCTV01,808,1
CCTV01^20260318-110000-20260318-120000_000951,CCTV01,951,2
CCTV01^20260318-110000-20260318-120000_000952,CCTV01,952,0
CCTV01^20260318-110000-20260318-120000_000953,CCTV01,953,1
CCTV01^20260318-110000-20260318-120000_000955,CCTV01,955,2
CCTV01^20260318-110000-20260318-120000_000964,CCTV01,964,0
CCTV01^20260318-110000-20260318-120000_000965,CCTV01,965,1
CCTV01^20260318-110000-20260318-120000_000967,CCTV01,967,2
CCTV01^20260318-110000-20260318-120000_000968,CCTV01,968,0
CCTV01^20260318-110000-20260318-120000_000969,CCTV01,969,1
CCTV01^20260318-110000-20260318-120000_000971,CCTV01,971,2
CCTV01^20260318-110000-20260318-120000_000972,CCTV01,972,0
CCTV01^20260318-110000-20260318-120000_000973,CCTV01,973,1
CCTV01^20260318-110000-20260318-120000_000975,CCTV01,975,2
CCTV01^20260318-110000-20260318-120000_000976,CCTV01,976,0
CCTV01^20260318-110000-20260318-120000_000977,CCTV01,977,1
CCTV01^20260318-110000-20260318-120000_000979,CCTV01,979,2
CCTV01^20260318-110000-20260318-120000_000980,CCTV01,980,0
CCTV01^20260318-110000-20260318-120000_000981,CCTV01,981,1
CCTV01^20260318-110000-20260318-120000_000983,CCTV01,983,2
CCTV01^20260318-110000-20260318-120000_000984,CCTV01,984,0
CCTV01^20260318-110000-20260318-120000_000985,CCTV01,985,1
CCTV01^20260318-110000-20260318-120000_000987,CCTV01,987,2
CCTV01^20260318-110000-20260318-120000_000988,CCTV01,988,0
CCTV01^20260318-110000-20260318-120000_000989,CCTV01,989,1
CCTV01^20260318-110000-20260318-120000_000991,CCTV01,991,2
CCTV01^20260318-110000-20260318-120000_000992,CCTV01,992,0
CCTV01^20260318-110000-20260318-120000_000993,CCTV01,993,1
CCTV01^20260318-110000-20260318-120000_000995,CCTV01,995,2
CCTV01^20260318-110000-20260318-120000_000996,CCTV01,996,0
CCTV01^20260318-110000-20260318-120000_000997,CCTV01,997,1
CCTV01^20260318-110000-20260318-120000_000999,CCTV01,999,2
CCTV01^20260318-110000-20260318-120000_001000,CCTV01,1000,0
CCTV01^20260318-110000-20260318-120000_001001,CCTV01,1001,1
CCTV01^20260318-110000-20260318-120000_001003,CCTV01,1003,2
CCTV01^20260318-110000-20260318-120000_001004,CCTV01,1004,0
CCTV01^20260318-110000-20260318-120000_001120,CCTV01,1120,1
CCTV01^20260318-110000-20260318-120000_001121,CCTV01,1121,2
CCTV02^20260511-140000-20260511-142440_002415,CCTV02,2415,0
CCTV02^20260511-140000-20260511-142440_002416,CCTV02,2416,1
CCTV02^20260511-140000-20260511-142440_002418,CCTV02,2418,2
CCTV02^20260511-140000-20260511-142440_002419,CCTV02,2419,0
CCTV02^20260511-140000-20260511-142440_002420,CCTV02,2420,1
CCTV02^20260511-140000-20260511-142440_002422,CCTV02,2422,2
CCTV02^20260511-140000-20260511-142440_002423,CCTV02,2423,0
CCTV02^20260511-140000-20260511-142440_002424,CCTV02,2424,1
CCTV02^20260511-140000-20260511-142440_002426,CCTV02,2426,2
CCTV02^20260511-140000-20260511-142440_002427,CCTV02,2427,0
CCTV02^20260511-140000-20260511-142440_002428,CCTV02,2428,1
CCTV02^20260511-140000-20260511-142440_002430,CCTV02,2430,2
CCTV02^20260511-140000-20260511-142440_002431,CCTV02,2431,0
CCTV02^20260511-140000-20260511-142440_002432,CCTV02,2432,1
CCTV02^20260511-140000-20260511-142440_002434,CCTV02,2434,2
CCTV02^20260511-140000-20260511-142440_002435,CCTV02,2435,0
CCTV02^20260511-140000-20260511-142440_002436,CCTV02,2436,1
CCTV02^20260511-140000-20260511-142440_002438,CCTV02,2438,2
CCTV02^20260511-140000-20260511-142440_002439,CCTV02,2439,0
CCTV02^20260511-140000-20260511-142440_002440,CCTV02,2440,1
CCTV02^20260511-140000-20260511-142440_002442,CCTV02,2442,2
CCTV02^20260511-140000-20260511-142440_002443,CCTV02,2443,0
CCTV02^20260511-140000-20260511-142440_002444,CCTV02,2444,1
CCTV02^20260511-140000-20260511-142440_002446,CCTV02,2446,2
CCTV02^20260511-140000-20260511-142440_002447,CCTV02,2447,0
CCTV02^20260511-140000-20260511-142440_002448,CCTV02,2448,1
CCTV02^20260511-140000-20260511-142440_002450,CCTV02,2450,2
CCTV02^20260511-140000-20260511-142440_002451,CCTV02,2451,0
CCTV02^20260511-140000-20260511-142440_002452,CCTV02,2452,1
CCTV02^20260511-140000-20260511-142440_002454,CCTV02,2454,2
CCTV02^20260511-140000-20260511-142440_002455,CCTV02,2455,0
CCTV02^20260511-140000-20260511-142440_002456,CCTV02,2456,1
CCTV02^20260511-140000-20260511-142440_002458,CCTV02,2458,2
CCTV02^20260511-140000-20260511-142440_002459,CCTV02,2459,0
CCTV02^20260511-140000-20260511-142440_002460,CCTV02,2460,1
CCTV02^20260511-140000-20260511-142440_002462,CCTV02,2462,2
CCTV02^20260511-140000-20260511-142440_002463,CCTV02,2463,0
CCTV02^20260511-140000-20260511-142440_002464,CCTV02,2464,1
CCTV02^20260511-140000-20260511-142440_002466,CCTV02,2466,2
CCTV02^20260511-140000-20260511-142440_002467,CCTV02,2467,0
CCTV02^20260511-140000-20260511-142440_002468,CCTV02,2468,1
CCTV02^20260511-140000-20260511-142440_002470,CCTV02,2470,2
CCTV02^20260511-140000-20260511-142440_002471,CCTV02,2471,0
CCTV02^20260511-140000-20260511-142440_002472,CCTV02,2472,1
CCTV02^20260511-140000-20260511-142440_002474,CCTV02,2474,2
CCTV02^20260511-140000-20260511-142440_002475,CCTV02,2475,0
CCTV02^20260511-140000-20260511-142440_002477,CCTV02,2477,1
CCTV02^20260511-140000-20260511-142440_002478,CCTV02,2478,2
CCTV02^20260511-140000-20260511-142440_002479,CCTV02,2479,0
CCTV02^20260511-140000-20260511-142440_002481,CCTV02,2481,1
CCTV02^20260511-140000-20260511-142440_002482,CCTV02,2482,2
CCTV02^20260511-140000-20260511-142440_002483,CCTV02,2483,0
CCTV02^20260511-140000-20260511-142440_002485,CCTV02,2485,1
CCTV02^20260511-140000-20260511-142440_002486,CCTV02,2486,2
CCTV02^20260511-140000-20260511-142440_002487,CCTV02,2487,0
CCTV02^20260511-140000-20260511-142440_002489,CCTV02,2489,1
CCTV02^20260511-140000-20260511-142440_002490,CCTV02,2490,2
CCTV02^20260511-140000-20260511-142440_002491,CCTV02,2491,0
CCTV02^20260511-140000-20260511-142440_002493,CCTV02,2493,1
CCTV02^20260511-140000-20260511-142440_002494,CCTV02,2494,2
CCTV02^20260511-140000-20260511-142440_002495,CCTV02,2495,0
CCTV02^20260511-140000-20260511-142440_002497,CCTV02,2497,1
CCTV02^20260511-140000-20260511-142440_002498,CCTV02,2498,2
CCTV02^20260511-140000-20260511-142440_002499,CCTV02,2499,0
CCTV02^20260511-140000-20260511-142440_002501,CCTV02,2501,1
CCTV02^20260511-140000-20260511-142440_002502,CCTV02,2502,2
CCTV02^20260511-140000-20260511-142440_002503,CCTV02,2503,0
CCTV02^20260511-140000-20260511-142440_002505,CCTV02,2505,1
CCTV02^20260511-140000-20260511-142440_002506,CCTV02,2506,2
CCTV02^20260511-140000-20260511-142440_002507,CCTV02,2507,0
CCTV02^20260511-140000-20260511-142440_002509,CCTV02,2509,1
CCTV02^20260511-140000-20260511-142440_002510,CCTV02,2510,2
CCTV02^20260511-140000-20260511-142440_002511,CCTV02,2511,0
CCTV02^20260511-140000-20260511-142440_002810,CCTV02,2810,1
CCTV02^20260511-140000-20260511-142440_002811,CCTV02,2811,2
CCTV02^20260511-140000-20260511-142440_002812,CCTV02,2812,0
CCTV02^20260511-140000-20260511-142440_002814,CCTV02,2814,1
CCTV02^20260511-140000-20260511-142440_002815,CCTV02,2815,2
CCTV02^20260511-140000-20260511-142440_002816,CCTV02,2816,0
CCTV02^20260511-140000-20260511-142440_002818,CCTV02,2818,1
CCTV02^20260511-140000-20260511-142440_002819,CCTV02,2819,2
CCTV02^20260511-140000-20260511-142440_002820,CCTV02,2820,0
CCTV02^20260511-140000-20260511-142440_002822,CCTV02,2822,1
CCTV02^20260511-140000-20260511-142440_002823,CCTV02,2823,2
CCTV02^20260511-140000-20260511-142440_002824,CCTV02,2824,0
CCTV02^20260511-140000-20260511-142440_002826,CCTV02,2826,1
CCTV02^20260511-140000-20260511-142440_002827,CCTV02,2827,2
CCTV02^20260511-140000-20260511-142440_002828,CCTV02,2828,0
CCTV02^20260511-140000-20260511-142440_002830,CCTV02,2830,1
CCTV02^20260511-140000-20260511-142440_002831,CCTV02,2831,2
CCTV02^20260511-140000-20260511-142440_002832,CCTV02,2832,0
CCTV02^20260511-140000-20260511-142440_002834,CCTV02,2834,1
CCTV02^20260511-140000-20260511-142440_002835,CCTV02,2835,2
CCTV02^20260511-140000-20260511-142440_002837,CCTV02,2837,0
CCTV02^20260511-140000-20260511-142440_002838,CCTV02,2838,1
CCTV02^20260511-140000-20260511-142440_002839,CCTV02,2839,2
CCTV02^20260511-140000-20260511-142440_002841,CCTV02,2841,0
CCTV02^20260511-140000-20260511-142440_002842,CCTV02,2842,1
CCTV02^20260511-140000-20260511-142440_002843,CCTV02,2843,2
CCTV02^20260511-140000-20260511-142440_002845,CCTV02,2845,0
CCTV02^20260511-140000-20260511-142440_002846,CCTV02,2846,1
CCTV02^20260511-140000-20260511-142440_002847,CCTV02,2847,2
CCTV02^20260511-140000-20260511-142440_002849,CCTV02,2849,0
CCTV02^20260511-140000-20260511-142440_002850,CCTV02,2850,1
CCTV02^20260511-140000-20260511-142440_002851,CCTV02,2851,2
CCTV02^20260511-140000-20260511-142440_002853,CCTV02,2853,0
CCTV02^20260511-140000-20260511-142440_002854,CCTV02,2854,1
CCTV02^20260511-140000-20260511-142440_002855,CCTV02,2855,2
CCTV02^20260511-140000-20260511-142440_002857,CCTV02,2857,0
CCTV02^20260511-140000-20260511-142440_002858,CCTV02,2858,1
CCTV02^20260511-140000-20260511-142440_002859,CCTV02,2859,2
CCTV02^20260511-140000-20260511-142440_002861,CCTV02,2861,0
CCTV02^20260511-140000-20260511-142440_002862,CCTV02,2862,1
CCTV02^20260511-140000-20260511-142440_002863,CCTV02,2863,2
CCTV02^20260511-140000-20260511-142440_002865,CCTV02,2865,0
CCTV02^20260511-140000-20260511-142440_002866,CCTV02,2866,1
CCTV02^20260511-140000-20260511-142440_002867,CCTV02,2867,2
CCTV02^20260511-140000-20260511-142440_002869,CCTV02,2869,0
CCTV02^20260511-140000-20260511-142440_002870,CCTV02,2870,1
CCTV02^20260511-140000-20260511-142440_002871,CCTV02,2871,2
CCTV02^20260511-140000-20260511-142440_002873,CCTV02,2873,0
CCTV02^20260511-140000-20260511-142440_002874,CCTV02,2874,1
CCTV02^20260511-140000-20260511-142440_002875,CCTV02,2875,2
CCTV02^20260511-140000-20260511-142440_002877,CCTV02,2877,0
CCTV02^20260511-140000-20260511-142440_002878,CCTV02,2878,1
CCTV02^20260511-140000-20260511-142440_002879,CCTV02,2879,2
CCTV02^20260511-140000-20260511-142440_002881,CCTV02,2881,0
CCTV02^20260511-140000-20260511-142440_002882,CCTV02,2882,1
CCTV02^20260511-140000-20260511-142440_002883,CCTV02,2883,2
CCTV02^20260511-140000-20260511-142440_002885,CCTV02,2885,0
CCTV02^20260511-140000-20260511-142440_002886,CCTV02,2886,1
CCTV02^20260511-140000-20260511-142440_002887,CCTV02,2887,2
CCTV02^20260511-140000-20260511-142440_002889,CCTV02,2889,0
CCTV02^20260511-140000-20260511-142440_002890,CCTV02,2890,1
CCTV02^20260511-140000-20260511-142440_002891,CCTV02,2891,2
CCTV02^20260511-140000-20260511-142440_002893,CCTV02,2893,0
CCTV02^20260511-140000-20260511-142440_002894,CCTV02,2894,1
CCTV02^20260511-140000-20260511-142440_002895,CCTV02,2895,2
CCTV07^20260116-060000-20260116-065959_003585,CCTV07,3585,0
CCTV07^20260116-060000-20260116-065959_003586,CCTV07,3586,1
CCTV07^20260116-060000-20260116-065959_003587,CCTV07,3587,2
CCTV07^20260116-060000-20260116-065959_003589,CCTV07,3589,0
CCTV07^20260116-060000-20260116-065959_003590,CCTV07,3590,1
CCTV07^20260116-060000-20260116-065959_003591,CCTV07,3591,2
CCTV07^20260116-060000-20260116-065959_003593,CCTV07,3593,0
CCTV07^20260116-060000-20260116-065959_003594,CCTV07,3594,1
CCTV07^20260116-060000-20260116-065959_003595,CCTV07,3595,2
CCTV07^20260116-060000-20260116-065959_003597,CCTV07,3597,0
CCTV07^20260116-060000-20260116-065959_003598,CCTV07,3598,1
CCTV07^20260116-060000-20260116-065959_003599,CCTV07,3599,2
CCTV07^20260116-060000-20260116-065959_003601,CCTV07,3601,0
CCTV07^20260116-060000-20260116-065959_003602,CCTV07,3602,1
CCTV07^20260116-060000-20260116-065959_003603,CCTV07,3603,2
CCTV07^20260116-060000-20260116-065959_003605,CCTV07,3605,0
CCTV07^20260116-060000-20260116-065959_003606,CCTV07,3606,1
CCTV07^20260116-060000-20260116-065959_003607,CCTV07,3607,2
CCTV07^20260116-060000-20260116-065959_003609,CCTV07,3609,0
CCTV07^20260116-060000-20260116-065959_003610,CCTV07,3610,1
CCTV07^20260116-060000-20260116-065959_003611,CCTV07,3611,2
CCTV07^20260116-060000-20260116-065959_003624,CCTV07,3624,0
CCTV07^20260116-060000-20260116-065959_003625,CCTV07,3625,1
CCTV07^20260116-060000-20260116-065959_003626,CCTV07,3626,2
CCTV07^20260116-060000-20260116-065959_003628,CCTV07,3628,0
CCTV07^20260116-060000-20260116-065959_003629,CCTV07,3629,1
CCTV07^20260116-060000-20260116-065959_003630,CCTV07,3630,2
CCTV07^20260116-060000-20260116-065959_003632,CCTV07,3632,0
CCTV07^20260116-060000-20260116-065959_003633,CCTV07,3633,1
CCTV07^20260116-060000-20260116-065959_003634,CCTV07,3634,2
CCTV07^20260116-060000-20260116-065959_003636,CCTV07,3636,0
CCTV07^20260116-060000-20260116-065959_003637,CCTV07,3637,1
CCTV07^20260116-060000-20260116-065959_003638,CCTV07,3638,2
CCTV07^20260116-060000-20260116-065959_003640,CCTV07,3640,0
CCTV07^20260116-060000-20260116-065959_003641,CCTV07,3641,1
CCTV07^20260116-060000-20260116-065959_003642,CCTV07,3642,2
CCTV07^20260116-060000-20260116-065959_003689,CCTV07,3689,0
CCTV07^20260116-060000-20260116-065959_003690,CCTV07,3690,1
CCTV07^20260116-060000-20260116-065959_003691,CCTV07,3691,2
CCTV07^20260116-060000-20260116-065959_003693,CCTV07,3693,0
CCTV07^20260116-060000-20260116-065959_003694,CCTV07,3694,1
CCTV07^20260116-060000-20260116-065959_003695,CCTV07,3695,2
CCTV07^20260116-060000-20260116-065959_003697,CCTV07,3697,0
CCTV07^20260116-060000-20260116-065959_003698,CCTV07,3698,1
CCTV07^20260116-060000-20260116-065959_003699,CCTV07,3699,2
CCTV07^20260116-060000-20260116-065959_003701,CCTV07,3701,0
CCTV07^20260116-060000-20260116-065959_003702,CCTV07,3702,1
CCTV07^20260116-060000-20260116-065959_003703,CCTV07,3703,2
CCTV07^20260116-060000-20260116-065959_003705,CCTV07,3705,0
CCTV07^20260116-060000-20260116-065959_003706,CCTV07,3706,1
CCTV07^20260116-060000-20260116-065959_003707,CCTV07,3707,2
CCTV07^20260116-060000-20260116-065959_003709,CCTV07,3709,0
CCTV07^20260116-060000-20260116-065959_003710,CCTV07,3710,1
CCTV07^20260116-060000-20260116-065959_003711,CCTV07,3711,2
CCTV07^20260116-060000-20260116-065959_003713,CCTV07,3713,0
CCTV07^20260116-060000-20260116-065959_003714,CCTV07,3714,1
CCTV07^20260116-060000-20260116-065959_003715,CCTV07,3715,2
CCTV07^20260116-060000-20260116-065959_003717,CCTV07,3717,0
CCTV07^20260116-060000-20260116-065959_003718,CCTV07,3718,1
CCTV07^20260116-060000-20260116-065959_003719,CCTV07,3719,2
CCTV07^20260116-060000-20260116-065959_003721,CCTV07,3721,0
CCTV07^20260116-060000-20260116-065959_003722,CCTV07,3722,1
CCTV07^20260116-060000-20260116-065959_003723,CCTV07,3723,2
CCTV07^20260116-060000-20260116-065959_003725,CCTV07,3725,0
CCTV07^20260116-060000-20260116-065959_003726,CCTV07,3726,1
CCTV07^20260116-060000-20260116-065959_003727,CCTV07,3727,2
CCTV07^20260116-060000-20260116-065959_003729,CCTV07,3729,0
CCTV07^20260116-060000-20260116-065959_003730,CCTV07,3730,1
CCTV07^20260116-060000-20260116-065959_003731,CCTV07,3731,2
CCTV07^20260116-060000-20260116-065959_003733,CCTV07,3733,0
CCTV07^20260116-060000-20260116-065959_003734,CCTV07,3734,1
CCTV07^20260116-060000-20260116-065959_003735,CCTV07,3735,2
CCTV07^20260116-060000-20260116-065959_003737,CCTV07,3737,0
CCTV07^20260116-060000-20260116-065959_003738,CCTV07,3738,1
CCTV07^20260116-060000-20260116-065959_003739,CCTV07,3739,2
CCTV07^20260116-060000-20260116-065959_003741,CCTV07,3741,0
CCTV07^20260116-060000-20260116-065959_003742,CCTV07,3742,1
CCTV07^20260116-060000-20260116-065959_003743,CCTV07,3743,2
CCTV07^20260116-060000-20260116-065959_003745,CCTV07,3745,0
CCTV07^20260116-060000-20260116-065959_003746,CCTV07,3746,1
CCTV07^20260116-060000-20260116-065959_003747,CCTV07,3747,2
CCTV07^20260116-060000-20260116-065959_003749,CCTV07,3749,0
CCTV07^20260116-060000-20260116-065959_003750,CCTV07,3750,1
CCTV07^20260116-060000-20260116-065959_003751,CCTV07,3751,2
CCTV07^20260116-060000-20260116-065959_003753,CCTV07,3753,0
CCTV07^20260116-060000-20260116-065959_003754,CCTV07,3754,1
CCTV07^20260116-060000-20260116-065959_003755,CCTV07,3755,2
CCTV07^20260116-060000-20260116-065959_003757,CCTV07,3757,0
CCTV07^20260116-060000-20260116-065959_003758,CCTV07,3758,1
CCTV07^20260116-060000-20260116-065959_003759,CCTV07,3759,2
CCTV07^20260116-060000-20260116-065959_003761,CCTV07,3761,0
CCTV07^20260116-060000-20260116-065959_003762,CCTV07,3762,1
CCTV07^20260116-060000-20260116-065959_003763,CCTV07,3763,2
CCTV10^20251112-170000-20251112-175959_004128,CCTV10,4128,0
CCTV10^20251112-170000-20251112-175959_004129,CCTV10,4129,1
CCTV10^20251112-170000-20251112-175959_004131,CCTV10,4131,2
CCTV10^20251112-170000-20251112-175959_004132,CCTV10,4132,0
CCTV10^20251112-170000-20251112-175959_004133,CCTV10,4133,1
CCTV10^20251112-170000-20251112-175959_004135,CCTV10,4135,2
CCTV10^20251112-170000-20251112-175959_004136,CCTV10,4136,0
CCTV10^20251112-170000-20251112-175959_004137,CCTV10,4137,1
CCTV10^20251112-170000-20251112-175959_004139,CCTV10,4139,2
CCTV10^20251112-170000-20251112-175959_004140,CCTV10,4140,0
CCTV10^20251112-170000-20251112-175959_004141,CCTV10,4141,1
CCTV10^20251112-170000-20251112-175959_004143,CCTV10,4143,2
CCTV10^20251112-170000-20251112-175959_004144,CCTV10,4144,0
CCTV10^20251112-170000-20251112-175959_004145,CCTV10,4145,1
CCTV10^20251112-170000-20251112-175959_004147,CCTV10,4147,2
CCTV10^20251112-170000-20251112-175959_004148,CCTV10,4148,0
CCTV10^20251112-170000-20251112-175959_004149,CCTV10,4149,1
CCTV10^20251112-170000-20251112-175959_004151,CCTV10,4151,2
CCTV10^20251112-170000-20251112-175959_004152,CCTV10,4152,0
CCTV10^20251112-170000-20251112-175959_004154,CCTV10,4154,1
CCTV10^20251112-170000-20251112-175959_004155,CCTV10,4155,2
CCTV10^20251112-170000-20251112-175959_004156,CCTV10,4156,0
CCTV10^20251112-170000-20251112-175959_004158,CCTV10,4158,1
CCTV10^20251112-170000-20251112-175959_004159,CCTV10,4159,2
CCTV10^20251112-170000-20251112-175959_004160,CCTV10,4160,0
CCTV10^20251112-170000-20251112-175959_004162,CCTV10,4162,1
CCTV10^20251112-170000-20251112-175959_004163,CCTV10,4163,2
CCTV10^20251112-170000-20251112-175959_004164,CCTV10,4164,0
CCTV10^20251112-170000-20251112-175959_004173,CCTV10,4173,1
CCTV10^20251112-170000-20251112-175959_004427,CCTV10,4427,2
CCTV10^20251112-170000-20251112-175959_004430,CCTV10,4430,0
CCTV10^20251112-170000-20251112-175959_004432,CCTV10,4432,1
CCTV10^20251112-170000-20251112-175959_004433,CCTV10,4433,2
CCTV10^20251112-170000-20251112-175959_004434,CCTV10,4434,0
CCTV10^20251112-170000-20251112-175959_004436,CCTV10,4436,1
CCTV10^20251112-170000-20251112-175959_004437,CCTV10,4437,2
CCTV10^20251112-170000-20251112-175959_004438,CCTV10,4438,0
CCTV10^20251112-170000-20251112-175959_004440,CCTV10,4440,1
CCTV10^20251112-170000-20251112-175959_004441,CCTV10,4441,2
CCTV10^20251112-170000-20251112-175959_004444,CCTV10,4444,0
CCTV10^20251112-170000-20251112-175959_004445,CCTV10,4445,1
CCTV10^20251112-170000-20251112-175959_004446,CCTV10,4446,2
CCTV10^20251112-170000-20251112-175959_004448,CCTV10,4448,0
CCTV10^20251112-170000-20251112-175959_004450,CCTV10,4450,1
CCTV10^20251112-170000-20251112-175959_004451,CCTV10,4451,2
CCTV10^20251112-170000-20251112-175959_004453,CCTV10,4453,0
CCTV10^20251112-170000-20251112-175959_004454,CCTV10,4454,1
CCTV10^20251112-170000-20251112-175959_004455,CCTV10,4455,2
CCTV10^20251112-170000-20251112-175959_004457,CCTV10,4457,0
CCTV10^20251112-170000-20251112-175959_004458,CCTV10,4458,1
CCTV10^20251112-170000-20251112-175959_004459,CCTV10,4459,2
CCTV10^20251112-170000-20251112-175959_004462,CCTV10,4462,0
CCTV10^20251112-170000-20251112-175959_004463,CCTV10,4463,1
CCTV10^20251112-170000-20251112-175959_004464,CCTV10,4464,2
CCTV10^20251112-170000-20251112-175959_004466,CCTV10,4466,0
CCTV10^20251112-170000-20251112-175959_004467,CCTV10,4467,1
CCTV10^20251112-170000-20251112-175959_004469,CCTV10,4469,2
CCTV10^20251112-170000-20251112-175959_004470,CCTV10,4470,0
CCTV10^20251112-170000-20251112-175959_004472,CCTV10,4472,1
CCTV10^20251112-170000-20251112-175959_004477,CCTV10,4477,2
CCTV10^20251112-170000-20251112-175959_004478,CCTV10,4478,0
CCTV10^20251112-170000-20251112-175959_004479,CCTV10,4479,1
CCTV10^20251112-170000-20251112-175959_004481,CCTV10,4481,2
CCTV10^20251112-170000-20251112-175959_004482,CCTV10,4482,0
CCTV10^20251112-170000-20251112-175959_004483,CCTV10,4483,1
CCTV10^20251112-170000-20251112-175959_004485,CCTV10,4485,2
CCTV10^20251112-170000-20251112-175959_004486,CCTV10,4486,0
CCTV10^20251112-170000-20251112-175959_004487,CCTV10,4487,1
CCTV10^20251112-170000-20251112-175959_004489,CCTV10,4489,2
CCTV10^20251112-170000-20251112-175959_004490,CCTV10,4490,0
CCTV10^20251112-170000-20251112-175959_004491,CCTV10,4491,1
CCTV10^20251112-170000-20251112-175959_004494,CCTV10,4494,2
CCTV10^20251112-170000-20251112-175959_004495,CCTV10,4495,0
CCTV10^20251112-170000-20251112-175959_004496,CCTV10,4496,1
CCTV10^20251112-170000-20251112-175959_004498,CCTV10,4498,2
CCTV10^20251112-170000-20251112-175959_004499,CCTV10,4499,0
CCTV10^20251112-170000-20251112-175959_004501,CCTV10,4501,1
CCTV10^20251112-170000-20251112-175959_004502,CCTV10,4502,2
CCTV10^20251112-170000-20251112-175959_004503,CCTV10,4503,0
CCTV10^20251112-170000-20251112-175959_004505,CCTV10,4505,1
CCTV10^20251112-170000-20251112-175959_004506,CCTV10,4506,2
CCTV10^20251112-170000-20251112-175959_004508,CCTV10,4508,0
CCTV10^20251112-170000-20251112-175959_004510,CCTV10,4510,1
CCTV10^20251112-170000-20251112-175959_004511,CCTV10,4511,2
CCTV10^20251112-170000-20251112-175959_004512,CCTV10,4512,0
CCTV10^20251112-170000-20251112-175959_004514,CCTV10,4514,1
CCTV10^20251112-170000-20251112-175959_004515,CCTV10,4515,2
CCTV10^20251112-170000-20251112-175959_004516,CCTV10,4516,0
CCTV10^20251112-170000-20251112-175959_004518,CCTV10,4518,1
CCTV10^20251112-170000-20251112-175959_004519,CCTV10,4519,2
CCTV10^20251112-170000-20251112-175959_004520,CCTV10,4520,0
CCTV10^20251112-170000-20251112-175959_004522,CCTV10,4522,1
CCTV10^20251112-170000-20251112-175959_004523,CCTV10,4523,2
CCTV10^20251112-170000-20251112-175959_004525,CCTV10,4525,0
CCTV10^20251112-170000-20251112-175959_004526,CCTV10,4526,1
CCTV10^20251112-170000-20251112-175959_004527,CCTV10,4527,2
CCTV10^20251112-170000-20251112-175959_004529,CCTV10,4529,0
CCTV10^20251112-170000-20251112-175959_004530,CCTV10,4530,1
CCTV10^20251112-170000-20251112-175959_004531,CCTV10,4531,2
CCTV10^20251112-170000-20251112-175959_004533,CCTV10,4533,0
CCTV10^20251112-170000-20251112-175959_004534,CCTV10,4534,1
CCTV10^20251112-170000-20251112-175959_004535,CCTV10,4535,2
CCTV10^20251112-170000-20251112-175959_004537,CCTV10,4537,0
CCTV10^20251112-170000-20251112-175959_004538,CCTV10,4538,1
CCTV10^20251112-170000-20251112-175959_004539,CCTV10,4539,2
CCTV10^20251112-170000-20251112-175959_004541,CCTV10,4541,0
CCTV10^20251112-170000-20251112-175959_004542,CCTV10,4542,1
CCTV10^20251112-170000-20251112-175959_004543,CCTV10,4543,2
CCTV10^20251112-170000-20251112-175959_004545,CCTV10,4545,0
CCTV10^20251112-170000-20251112-175959_004546,CCTV10,4546,1
CCTV10^20251112-170000-20251112-175959_004547,CCTV10,4547,2
CCTV10^20251112-170000-20251112-175959_004549,CCTV10,4549,0
CCTV10^20251112-170000-20251112-175959_004550,CCTV10,4550,1
CCTV10^20251112-170000-20251112-175959_004552,CCTV10,4552,2
CCTV10^20251112-170000-20251112-175959_004553,CCTV10,4553,0
CCTV10^20251112-170000-20251112-175959_004554,CCTV10,4554,1
CCTV10^20251112-170000-20251112-175959_004556,CCTV10,4556,2
CCTV10^20251112-170000-20251112-175959_004557,CCTV10,4557,0
CCTV10^20251112-170000-20251112-175959_004558,CCTV10,4558,1
CCTV10^20251112-170000-20251112-175959_004560,CCTV10,4560,2
CCTV10^20251112-170000-20251112-175959_004561,CCTV10,4561,0
CCTV10^20251112-170000-20251112-175959_004562,CCTV10,4562,1
CCTV10^20251112-170000-20251112-175959_004564,CCTV10,4564,2
CCTV10^20251112-170000-20251112-175959_004565,CCTV10,4565,0
CCTV10^20251112-170000-20251112-175959_004567,CCTV10,4567,1
CCTV10^20251112-170000-20251112-175959_004569,CCTV10,4569,2
CCTV10^20251112-170000-20251112-175959_004570,CCTV10,4570,0
CCTV10^20251112-170000-20251112-175959_004571,CCTV10,4571,1
CCTV10^20251112-170000-20251112-175959_004573,CCTV10,4573,2
CCTV10^20251112-170000-20251112-175959_004574,CCTV10,4574,0
CCTV10^20251112-170000-20251112-175959_004576,CCTV10,4576,1
CCTV10^20251112-170000-20251112-175959_004577,CCTV10,4577,2
CCTV10^20251112-170000-20251112-175959_004578,CCTV10,4578,0
CCTV10^20251112-170000-20251112-175959_004580,CCTV10,4580,1
CCTV10^20251112-170000-20251112-175959_004581,CCTV10,4581,2
CCTV10^20251112-170000-20251112-175959_004582,CCTV10,4582,0
CCTV10^20251112-170000-20251112-175959_004584,CCTV10,4584,1
CCTV10^20251112-170000-20251112-175959_004585,CCTV10,4585,2
CCTV10^20251112-170000-20251112-175959_004586,CCTV10,4586,0
CCTV10^20251112-170000-20251112-175959_004588,CCTV10,4588,1
CCTV10^20251112-170000-20251112-175959_004589,CCTV10,4589,2
CCTV10^20251112-170000-20251112-175959_004590,CCTV10,4590,0
CCTV10^20251112-170000-20251112-175959_004592,CCTV10,4592,1
CCTV10^20251112-170000-20251112-175959_004593,CCTV10,4593,2
CCTV10^20251112-170000-20251112-175959_004594,CCTV10,4594,0
CCTV10^20251112-170000-20251112-175959_004596,CCTV10,4596,1
CCTV10^20251112-170000-20251112-175959_004597,CCTV10,4597,2
CCTV10^20251112-170000-20251112-175959_004598,CCTV10,4598,0
CCTV10^20251112-170000-20251112-175959_004600,CCTV10,4600,1
CCTV10^20251112-170000-20251112-175959_004601,CCTV10,4601,2
CCTV10^20251112-170000-20251112-175959_004603,CCTV10,4603,0
CCTV10^20251112-170000-20251112-175959_004604,CCTV10,4604,1
CCTV10^20251112-170000-20251112-175959_004605,CCTV10,4605,2
CCTV10^20251112-170000-20251112-175959_004607,CCTV10,4607,0
CCTV10^20251112-170000-20251112-175959_004608,CCTV10,4608,1
CCTV10^20251112-170000-20251112-175959_004609,CCTV10,4609,2
CCTV10^20251112-170000-20251112-175959_004611,CCTV10,4611,0
CCTV10^20251112-170000-20251112-175959_004612,CCTV10,4612,1
CCTV10^20251112-170000-20251112-175959_004613,CCTV10,4613,2
CCTV10^20251112-170000-20251112-175959_004615,CCTV10,4615,0
CCTV10^20251112-170000-20251112-175959_004616,CCTV10,4616,1
CCTV10^20251112-170000-20251112-175959_004617,CCTV10,4617,2
CCTV10^20251112-170000-20251112-175959_004619,CCTV10,4619,0
CCTV10^20251112-170000-20251112-175959_004620,CCTV10,4620,1
CCTV10^20251112-170000-20251112-175959_004621,CCTV10,4621,2
CCTV10^20251112-170000-20251112-175959_004623,CCTV10,4623,0
CCTV10^20251112-170000-20251112-175959_004624,CCTV10,4624,1
CCTV10^20251112-170000-20251112-175959_004625,CCTV10,4625,2
